{
  "version": "1.0",
  "defaultProvider": "cdnjs",
  "libraries": [
    {
      "provider": "jsdelivr",
      "library": "bootstrap@5.1.3",
      "destination": "wwwroot/lib/bootstrap/",
      "files": [
        "dist/css/bootstrap.min.css",
        "dist/js/bootstrap.min.js"
      ]
    },
    {
      "provider": "cdnjs",
      "library": "jquery@3.6.0",
      "destination": "wwwroot/lib/jquery/",
      "files": [
        "jquery.min.js"
      ]
    },
    {
      "provider": "cdnjs",
      "library": "moment.js@2.29.3",
      "destination": "wwwroot/lib/moment.js/",
      "files": [
        "moment.min.js"
      ]
    },
    {
      "provider": "cdnjs",
      "library": "popper.js@2.11.5",
      "destination": "wwwroot/lib/popper.js/",
      "files": [
        "umd/popper.min.js"
      ]
    }
  ]
}